Client Name,Measurement No.,Reporting Year End Date,# Sites,# Employees,Total Goods and Services Spend,Sector / Industry,Type of Footprint,Scope 1 total KGCO2e,Scope 2 total KGCO2e,Scope 3 total KGCO2e,Stationary Combustion,Mobile Combustion,Fugitive Emissions,Process Emissions,Purchased Electricity,"Purchased Steam, Heat & Cooling",Purchased Goods & Services,Capital Goods,Fuel & Energy Related Activities,Transportation & Distribution,Operational Waste,Business Travel,Employee Commuting & Home Working,Leased Assets,Transportation & Distribution DOWNSTREAM,Processing of Sold Products,Use of Sold Products,End-Of-Life Treatment of Sold Products,Leased Assets .,Franchises,Investments,Total Electricity Consumption (KgCO2e),Renewable Energy (%),Renewable Energy (KgCO2e),EV Employee Commute (KgCO2e),WFH,All other Commute ,Total Footprint (tCO2e),Employee C intensity (tCO2e)
Clinton Devon Estates,1,,-,-,,Agriculture; plantations;other rural sectors,,0.00,0.00,0.00,,,,,,,,,,,,,,,,,,,,,,,#DIV/0!,,,,,0.00,#VALUE!
Groundskeeping Ltd,1,30/6/22,0,1,5570.00,Agriculture; plantations;other rural sectors,Full,0.00,0.00,4678.00,0.00,0.00,0.00,0.00,0.00,0.00,3176.00,485.00,0.00,0.00,0.00,1017.00,0.00,-,0.00,-,-,-,-,-,-,0.00,#DIV/0!,0.00,0.00,0.00,0.00,4.68,4.68
Corbett,1,31/12,1,80,1676722.00,Basic Metal Production,Full,2423317.00,52051.00,6380133.00,1485697.00,932400.00,5220.00,0.00,52051.00,0.00,5858658.00,66403.00,17676.00,89172.00,106580.00,1094.00,240550.00,0.00,0.00,0.00,0.00,0.00,0.00,0.00,0.00,208203.00,75.00,156152.00,0.00,0.00,240550.00,8855.50,110.69
Cutwel,1,30/04/22,1,92,1121920.00,Commerce / Retail,Full,39633.00,19081.00,1256384.00,25503.00,12733.00,1397.00,0.00,19081.00,0.00,264988.00,114251.00,3530.00,749354.00,1494.00,209.00,86954.00,-,35604.00,-,-,-,-,-,-,38163.00,50.00,19081.00,0.00,2742.00,84212.00,1315.10,14.29
Dining Club / Ello Group,1,31/12/21,-,-,2850717.00,Commerce / Retail,Full,18213.00,21492.00,1050674.00,18213.00,0.00,0.00,0.00,21492.00,0.00,775509.00,84113.00,6084.00,256.00,1375.00,0.00,183337.00,,0.00,,,,,,,21492.00,0.00,0.00,0.00,40230.00,143107.00,1090.38,#VALUE!
Mind Body Goals,1,31/12/21,-,-,11695.00,Commerce / Retail,Full,0.00,0.00,11620.00,0.00,0.00,0.00,0.00,0.00,0.00,2775.00,8347.00,40.00,0.00,0.00,75.00,383.00,,0.00,,,,,,,0.00,#DIV/0!,0.00,0.00,383.00,0.00,11.62,#VALUE!
Move Online Retail,1,31/12/21,1,37,,Commerce / Retail,,0.00,0.00,0.00,,,,,,,,,,,,,,,,,,,,,,,#DIV/0!,,,,,0.00,0.00
Paper Graphics,,,-,-,1931978.00,Commerce / Retail,Full,56003.00,25743.00,2250780.00,56003.00,0.00,0.00,0.00,25743.00,0.00,504023.00,0.00,5492.00,1444718.00,4660.00,204717.00,80250.00,,6920.00,,,,,,,58506.00,56.00,32763.00,0.00,4958.00,75292.00,2332.53,#VALUE!
Paul Smith,,,-,-,,Commerce / Retail,,0.00,0.00,0.00,,,,,,,,,,,,,,,,,,,,,,,#DIV/0!,,,,,0.00,#VALUE!
Big Partnership,1,31/05/21,-,-,868696.00,Financial services; professional services,PPN,1264.00,0.00,234343.00,1153.00,111.00,0.00,0.00,0.00,0.00,174280.00,1770.00,0.00,0.00,0.00,419.00,57874.00,,0.00,,,,,,,,#DIV/0!,,,,,235.61,#VALUE!
Blue Sky Design,1,31/12/21,-,-,97788.00,Construction,PPN,3278.00,624.00,46366.00,3278.00,0.00,0.00,0.00,624.00,0.00,25533.00,0.00,0.00,0.00,92.00,172.00,20569.00,,0.00,,,,,,,5010.00,87.54,4386.00,0.00,285.00,20284.00,50.27,#VALUE!
Project Group FFE,1,31/12/21,3,115,1527989.00,Commerce / Retail,Full,89365.00,12578.00,951939.00,23675.00,65690.00,0.00,0.00,12578.00,0.00,376737.00,0.00,3114.00,80386.00,125.00,70828.00,142808.00,-,277941.00,-,-,-,-,-,-,20963.00,40.00,8385.00,0.00,12605.00,130203.00,1053.88,9.16
Silverline,1,31/12/21,2,105,8005015.00,Commerce / Retail,Full,794822.00,297386.00,8123663.00,740634.00,54188.00,0.00,0.00,297386.00,0.00,6010625.00,122312.00,45805.00,1379007.00,1352.00,8641.00,81803.00,-,474118.00,-,-,-,-,-,-,438070.00,32.11,140684.00,81354.00,,449.00,9215.87,87.77
Sumillion,,,-,-,155007.00,Commerce / Retail,Full,369.00,0.00,126013.00,0.00,369.00,0.00,0.00,0.00,0.00,31642.00,88208.00,,,168.00,1295.00,4700.00,,0.00,,,,,,,4184.00,100.00,4184.00,0.00,649.00,4051.00,126.38,#VALUE!
The Storage Place,1,30/09/22,3,60,,Commerce / Retail,,0.00,0.00,0.00,,,,,,,,,,,,,,,,,,,,,,,#DIV/0!,,,,,0.00,0.00
Zenitel,1,31/12/20,-,-,160199.00,Commerce / Retail,Full,5763.00,2592.00,484860.00,5763.00,0.00,0.00,0.00,2592.00,0.00,309878.00,41770.00,0.00,13412.00,75.00,0.00,16177.00,,103548.00,,,,,,,5185.00,49.99,2592.00,0.00,0.00,16177.00,493.22,#VALUE!
Zenitel,2,31/12/21,2,8,185313.00,Commerce / Retail,Full,12443.00,4030.00,248424.00,5119.00,7324.00,0.00,0.00,4030.00,0.00,63009.00,91448.00,342.00,3355.00,19406.00,5597.00,8545.00,-,56722.00,-,-,-,-,-,-,4030.00,0.00,0.00,0.00,0.00,8545.00,264.90,33.11
Admiral Scaffolding,1,31/12/21,-,-,1942406.00,Construction,Full,59347.00,6953.00,1817756.00,0.00,59347.00,0.00,0.00,6953.00,0.00,1744095.00,45280.00,868.00,1729.00,1240.00,0.00,24544.00,,0.00,,,,,,,-,#VALUE!,-,,,,1884.06,#VALUE!
Blue Sky Design,2,31/04/22,1,5,,Construction,,0.00,0.00,0.00,,,,,,,,,,,,,,,,,,,,,,,#DIV/0!,,,,,0.00,0.00
Bowman Riley,1,31/03/22,3,70,,Construction,,0.00,0.00,0.00,,,,,,,,,,,,,,,,,,,,,,,#DIV/0!,,,,,0.00,0.00
Bray & Slaughter,1,31/3/22,1,13,193439.00,Construction,Full,7912.00,4936.00,80736.00,681.00,7231.00,0.00,0.00,4936.00,0.00,49059.00,2320.00,722.00,6131.00,207.00,14920.00,7309.00,-,68.00,-,-,-,-,-,-,7686.00,40.01,3075.00,0.00,0.00,7309.00,93.58,7.20
C.P. Hart,1,31/12/21,15,200,3405900.00,Construction,Full,181877.00,111429.00,1676167.00,52670.00,129207.00,0.00,0.00,111429.00,0.00,931178.00,158859.00,15189.00,19804.00,23112.00,20205.00,190068.00,0.00,317752.00,0.00,0.00,0.00,0.00,0.00,0.00,178908.00,377.11,674678.00,0.00,8358.00,181683.00,1969.47,9.85
City Concepts,1,,-,-,,Construction,,0.00,0.00,0.00,,,,,,,,,,,,,,,,,,,,,,,#DIV/0!,,,,,0.00,#VALUE!
Dudley Smith,1,31/12/21,-,-,97329.00,Construction,Full,2976.00,0.00,51330.00,2976.00,0.00,0.00,0.00,0.00,0.00,26786.00,0.00,0.00,0.00,5342.00,9652.00,9550.00,,0.00,,,,,,,2635.00,100.00,2635.00,0.00,1626.00,7923.00,54.31,#VALUE!
Elysium,,,-,-,753388.00,Construction,Full,35976.00,0.00,418161.00,0.00,35976.00,0.00,0.00,0.00,0.00,144837.00,254122.00,0.00,0.00,0.00,5961.00,13241.00,,,,,,,,,0.00,#DIV/0!,0.00,0.00,145.00,13096.00,454.14,#VALUE!
Greenwood Group,1,31/12/21,7,100,,Construction,,0.00,0.00,0.00,,,,,,,,,,,,,,,,,,,,,,,#DIV/0!,,,,,0.00,0.00
Lazenby,1,30/06/22,2,60,4735146.00,Construction,Full,121207.00,5375.00,6618290.00,333.00,120874.00,0.00,0.00,5375.00,0.00,6291098.00,34265.00,935.00,22361.00,7331.00,126729.00,129540.00,-,6031.00,-,-,-,-,-,-,10750.00,50.00,5375.00,840.00,0.00,128488.00,6744.87,112.41
Litecast,,,-,-,,Construction,,0.00,0.00,0.00,,,,,,,,,,,,,,,,,,,,,,,#DIV/0!,,,,,0.00,#VALUE!
Midwest Plant,1,31/12/21,1,25,0.00,Construction,Full,810569.00,1643.00,62583.00,0.00,810569.00,0.00,0.00,1643.00,0.00,0.00,0.00,428.00,33313.00,1050.00,0.00,27792.00,-,0.00,-,-,-,-,-,-,3651.00,55.00,2008.00,,1118.00,26675.00,874.80,34.99
Equity Solutions,1,31/12/21,-,-,,Financial services; professional services,PPN,0.00,0.00,0.00,,,,,,,,,,,,,,,,,,,,,,,#DIV/0!,,,,,0.00,#VALUE!
Norr Group UK,1,30/09/21,4,125,,Construction,Full,45931.00,61521.00,258784.00,40882.00,5049.00,0.00,0.00,61521.00,0.00,171201.00,15042.00,0.00,0.00,1001.00,5107.00,66433.00,,0.00,,,,,,,102486.00,39.97,40965.00,0.00,66433.00,0.00,366.24,2.93
Oxford Architects,1,31/12/21,2,32,,Construction,,0.00,0.00,0.00,,,,,,,,,,,,,,,,,,,,,,,#DIV/0!,,,,,0.00,0.00
PRB Systems,1,31/03/22,1,9,127323.00,Construction,Full,24638.00,0.00,65488.00,0.00,24638.00,0.00,0.00,0.00,0.00,28053.00,0.00,98.00,0.00,106.00,8063.00,29168.00,-,0.00,-,-,-,-,-,-,0.00,#DIV/0!,0.00,0.00,0.00,28238.00,90.13,10.01
PRC Group,1,31/08/21,2,39,,Construction,Full,6212.00,9171.00,291118.00,6212.00,0.00,0.00,0.00,9171.00,0.00,253701.00,20679.00,1330.00,0.00,555.00,8521.00,6332.00,,0.00,,,,,,,,#DIV/0!,,,,,306.50,7.86
Raaft,1,31/12/21,-,-,260864.00,Construction,Full,37211.00,15136.00,1466792.00,0.00,34829.00,0.00,2382.00,15136.00,0.00,777080.00,599600.00,2979.00,2358.00,0.00,5071.00,46697.00,0.00,33007.00,0.00,0.00,0.00,0.00,0.00,0.00,25226.00,40.00,10090.00,0.00,8035.00,38662.00,1519.14,#VALUE!
S&I Groundworks,,,-,-,,Construction,,0.00,0.00,0.00,,,,,,,,,,,,,,,,,,,,,,,#DIV/0!,,,,,0.00,#VALUE!
Wilkinson Eyre,1,31/03/22,-,150,,Construction,,0.00,0.00,0.00,,,,,,,,,,,,,,,,,,,,,,,#DIV/0!,,,,,0.00,0.00
Dreadnought,1,31/12/20,-,-,10766.00,Education,Full,2790.00,2022.00,19921.00,2790.00,0.00,0.00,0.00,2022.00,0.00,5218.00,0.00,0.00,0.00,85.00,9031.00,5557.00,,30.00,-,-,-,-,-,-,2022.00,92.19,1864.00,0.00,0.00,5557.00,24.73,#VALUE!
Dreadnought,2,31/03/21,1,8,17759.00,Education,Full,5406.00,-1527.00,15086.00,5406.00,0.00,0.00,0.00,-1527.00,0.00,7010.00,381.00,23.00,0.00,1088.00,1817.00,4767.00,-,0.00,-,-,-,-,-,-,-826.00,-84.75,700.00,0.00,880.00,3887.00,18.97,2.37
eLife Science,1,31/12/19,-,-,476651.00,Education,Full,0.00,7764.00,238850.00,0.00,0.00,0.00,0.00,7764.00,0.00,99820.00,44000.00,0.00,0.00,0.00,52220.00,42810.00,,0.00,,,,,,,7764.00,15.67,1217.00,0.00,2164.00,40646.00,246.61,#VALUE!
eLife Science,2,31/12/20,-,-,472719.00,Education,Full,0.00,6520.00,144720.00,0.00,0.00,0.00,0.00,6520.00,0.00,97610.00,9070.00,0.00,0.00,0.00,10990.00,27050.00,,0.00,,,,,,,6517.00,15.67,1021.00,0.00,11038.00,27047.00,151.24,#VALUE!
eLife Science,3,31/12/21,1,51,358776.00,Education,Full,0.00,4832.00,107828.00,0.00,0.00,0.00,0.00,4832.00,0.00,60995.00,5482.00,3891.00,0.00,0.00,2307.00,35090.00,-,63.00,-,-,-,-,-,-,6903.00,29.99,2070.00,0.00,31214.00,3875.00,112.66,2.21
LJMU,,,-,-,,Education,,0.00,0.00,0.00,,,,,,,,,,,,,,,,,,,,,,,#DIV/0!,,,,,0.00,#VALUE!
Novus,,,-,-,,Education,,0.00,0.00,0.00,,,,,,,,,,,,,,,,,,,,,,,#DIV/0!,,,,,0.00,#VALUE!
Skillcast,1,31/12/21,2,95,,Education,,0.00,0.00,0.00,,,,,,,,,,,,,,,,,,,,,,,#DIV/0!,,,,,0.00,0.00
4Sight,1,31/12/21,1,31,30434.00,Financial services; professional services,Full,0.00,1714.00,68656.00,0.00,0.00,0.00,0.00,1714.00,0.00,30434.00,11031.00,291.00,0.00,5.00,6463.00,20432.00,-,0.00,-,-,-,-,-,-,-,#VALUE!,-,,,,70.37,2.27
ACC Aviation,1,31/12/21,4,42,259628.00,Financial services; professional services,Full,0.00,0.00,439727.00,0.00,0.00,0.00,0.00,0.00,0.00,259628.00,15148.00,1301.00,0.00,788.00,71344.00,91518.00,,,,,,,,,36379.00,50.00,18189.00,-,0.00,50080.00,439.73,10.47
Advice Cloud,1,31/12/21,-,-,185597.00,Financial services; professional services,Full,111.00,0.00,42793.00,0.00,111.00,0.00,0.00,0.00,0.00,33747.00,3564.00,0.00,0.00,0.00,715.00,4767.00,,0.00,,,,,,,1074.00,50.00,537.00,-,-,5917.00,42.90,#VALUE!
Arrow Services,1,31/12/21,-,-,697487.00,Financial services; professional services,Full,132464.00,7668.00,551062.00,1025.00,131432.00,7.00,0.00,7668.00,0.00,449046.00,91670.00,852.00,0.00,317.00,0.00,9177.00,,0.00,,,,,,,885.00,31.86,282.00,0.00,1592.00,321.00,691.19,#VALUE!
ASM Technologies,1,31/12/21,2,75,702193.00,Financial services; professional services,Full,197.00,18189.00,227872.00,35.00,162.00,0.00,0.00,18189.00,0.00,167915.00,0.00,3089.00,0.00,5540.00,1248.00,50080.00,-,0.00,-,-,-,-,-,-,101758.00,40.00,40703.00,641.00,10269.00,52631.00,246.26,3.28
Avantia,1,31/12/21,1,82,3012192.00,Financial services; professional services,Full,345600.00,16236.00,953987.00,209750.00,0.00,135850.00,0.00,16236.00,0.00,723045.00,148870.00,6339.00,0.00,1539.00,4726.00,69468.00,-,0.00,-,-,-,-,-,-,6168.00,40.00,2467.00,,,,1315.82,16.05
Barkers Commercial,1,31/12/21,-,-,401574.00,Financial services; professional services,Full,0.00,885.00,87250.00,0.00,0.00,0.00,0.00,885.00,0.00,78646.00,0.00,256.00,0.00,10.00,6425.00,1913.00,,0.00,,,,,,,,#DIV/0!,,,,,88.14,#VALUE!
Block Living,1,31/12/21,1,2,18812.00,Financial services; professional services,Full,0.00,6942.00,6733.00,0.00,0.00,0.00,0.00,6942.00,0.00,3869.00,0.00,2215.00,649.00,0.00,0.00,0.00,-,0.00,-,-,-,-,-,-,26088.00,73.39,19146.00,0.00,0.00,0.00,13.68,6.84
Boden Group,1,31/12/21,3,55,13232215.00,Financial services; professional services,Full,285430.78,9765.75,5334985.70,4507.89,280922.89,0.00,0.00,9765.75,0.00,5052662.70,248.03,1545.56,248753.99,175.16,11547.55,20052.71,-,0.00,-,-,-,-,-,-,16032.29,39.09,6267.00,0.00,4398.00,15654.00,5630.18,102.37
Brunsdon Financial,1,31/12/21,1,52,792895.00,Financial services; professional services,Full,84606.00,882.00,290653.00,13413.00,71193.00,0.00,0.00,882.00,0.00,199315.00,55320.00,3282.00,0.00,540.00,400.00,31796.00,-,0.00,-,-,-,-,-,-,12571.00,92.99,11690.00,5706.00,20920.00,5170.00,376.14,7.23
Canham Consulting,1,31/12/21,-,-,697363.00,Financial services; professional services,Full,9736.00,2330.00,252797.00,4530.00,5206.00,0.00,0.00,2330.00,0.00,182717.00,0.00,0.00,0.00,2146.00,4552.00,63382.00,,0.00,,,,,,,6005.00,61.20,3675.00,0.00,3521.00,59861.00,264.86,#VALUE!
Carrington,1,31/12/21,4,75,868996.00,Financial services; professional services,Full,6600.00,6481.00,408980.00,6600.00,0.00,0.00,0.00,6481.00,0.00,274439.00,122125.00,917.00,0.00,1408.00,9629.00,462.00,-,0.00,-,-,-,-,-,-,10801.00,40.01,4321.00,39.00,0.00,422.00,422.06,5.63
CC Group,1,30/06/22,1,43,736082.00,Financial services; professional services,Full,67860.00,4212.00,241661.00,0.00,0.00,67860.00,0.00,4212.00,0.00,164128.00,20778.00,155.00,1419.00,410.00,27797.00,25392.00,-,1582.00,-,-,-,-,-,-,7021.00,39.99,2808.00,0.00,16675.00,8717.00,313.73,7.30
Choice Fire & Security Solutions,1,31/12/21,2,42,607242.00,Financial services; professional services,Full,193923.00,0.00,321912.00,7372.00,186551.00,0.00,0.00,0.00,0.00,150038.00,2767.00,397.00,38014.00,1205.00,11298.00,59912.00,-,58281.00,-,-,-,-,-,-,4678.00,100.00,4678.00,0.00,0.00,59912.00,515.84,12.28
Choice Insurance Agency,1,31/12/21,1,10,163353.00,Financial services; professional services,Full,0.00,0.00,44577.00,0.00,0.00,0.00,0.00,0.00,0.00,40531.00,0.00,0.00,0.00,0.00,0.00,4046.00,-,0.00,-,-,-,-,-,-,0.00,#DIV/0!,0.00,325.00,0.00,3722.00,44.58,4.46
Chroma Vision,1,31/12/21,2,50,470176.00,Financial services; professional services,Full,141417.00,2771.00,370808.00,4133.00,131323.00,5961.00,0.00,2771.00,0.00,95511.00,3481.00,470.00,11267.00,86247.00,127760.00,46072.00,-,0.00,-,-,-,-,-,-,5541.00,50.01,2771.00,0.00,0.00,46072.00,515.00,10.30
Crime and Fire Defence,1,,-,-,,Financial services; professional services,,0.00,0.00,0.00,,,,,,,,,,,,,,,,,,,,,,,#DIV/0!,,,,,0.00,#VALUE!
Derwent FM,1,31/03/22,20,220,1764700.00,Financial services; professional services,Full,64151.00,61864.00,1227555.00,553.00,63598.00,0.00,0.00,61864.00,0.00,596584.00,5504.00,11501.00,0.00,4129.00,47314.00,562523.00,-,0.00,-,-,-,-,-,-,103107.00,40.00,41243.00,4386.00,25948.00,432189.00,1353.57,6.15
Domo Tactical Communications,1,30/06/22,1,115,,Financial services; professional services,,0.00,0.00,0.00,,,,,,,,,,,,,,,,,,,,,,,#DIV/0!,,,,,0.00,0.00
Empire Group,1,31/12/21,1,135,,Financial services; professional services,,0.00,0.00,0.00,,,,,,,,,,,,,,,,,,,,,,,#DIV/0!,,,,,0.00,0.00
Ethical Services Group,1,31/12/21,-,-,1220700.00,Financial services; professional services,Full,0.00,0.00,218640.00,,,,,,,209600.00,820.00,0.00,0.00,0.00,0.00,8220.00,,0.00,,,,,,,0.00,#DIV/0!,0.00,0.00,1433.00,6782.00,218.64,#VALUE!
Rossi Long,1,31/12/19,-,-,23300.00,Mechanical and electrical engineering,PPN,0.00,5096.00,93648.00,0.00,0.00,0.00,0.00,5096.00,0.00,13637.00,29199.00,0.00,0.00,369.00,10598.00,39845.00,,0.00,,,,,,,10191.00,50.00,5096.00,0.00,420.00,39425.00,98.74,#VALUE!
Rossi Long,2,31/12/20,-,-,19700.00,Mechanical and electrical engineering,PPN,0.00,0.00,41153.00,0.00,0.00,0.00,0.00,0.00,0.00,10224.00,1961.00,0.00,0.00,129.00,7780.00,21059.00,,0.00,,,,,,,7733.00,100.00,7733.00,0.00,7678.00,13382.00,41.15,#VALUE!
FIDIC,1,31/12/19,2,15,2343634.00,Financial services; professional services,Full,3918.00,35.00,977087.00,3918.00,0.00,0.00,0.00,35.00,0.00,804446.00,2368.00,7.00,0.00,282.00,99293.00,34461.00,-,36230.00,-,-,-,-,-,-,86.00,60.47,52.00,1006.00,0.00,33456.00,981.04,65.40
FIDIC,2,31/12/20,2,15,1909987.00,Financial services; professional services,Full,3918.00,35.00,606949.00,3918.00,0.00,0.00,0.00,35.00,0.00,525963.00,12755.00,7.00,0.00,282.00,25167.00,6545.00,-,36230.00,-,-,-,-,-,-,86.00,60.47,52.00,700.00,0.00,5844.00,610.90,40.73
FIDIC,3,31/12/21,2,15,1743987.00,Financial services; professional services,Full,3918.00,35.00,538467.00,3918.00,0.00,0.00,0.00,35.00,0.00,468042.00,13400.00,7.00,0.00,282.00,13756.00,6750.00,-,36230.00,-,-,-,-,-,-,86.00,60.47,52.00,560.00,0.00,6190.00,542.42,36.16
Futures for Somerset,1,31/12/21,0,8,125700.00,Financial services; professional services,,0.00,0.00,48404.00,0.00,0.00,0.00,0.00,0.00,0.00,22696.00,3590.00,357.00,0.00,0.00,15800.00,5961.00,-,0.00,-,-,-,-,-,-,0.00,#DIV/0!,0.00,0.00,3372.00,2589.00,48.40,6.05
Generation UK,1,31/12/21,-,-,93641.00,Financial services; professional services,Full,0.00,0.00,144264.00,0.00,0.00,0.00,0.00,0.00,0.00,32885.00,18805.00,0.00,0.00,0.00,3148.00,85997.00,,3429.00,,,,,,,0.00,#DIV/0!,0.00,0.00,85997.00,0.00,144.26,#VALUE!
Smart Sourcing,1,31/12/21,-,-,,Financial services; professional services,PPN,0.00,5513.00,7265.00,,,,,5513.00,,,,,,3093.00,19.00,4153.00,,,,,,,,,7719.00,28.58,2206.00,,,4153.00,12.78,#VALUE!
GP Techserv,1,31/12/21,-,-,11562.00,Financial services; professional services,Full,3833.00,0.00,32978.00,,0.00,3833.00,0.00,0.00,0.00,2457.00,29460.00,45.00,530.00,0.00,57.00,429.00,,0.00,,,,,,,0.00,#DIV/0!,0.00,0.00,429.00,0.00,36.81,#VALUE!
Harlow Consulting,1,31/10/21,1,5,44353.00,Financial services; professional services,Full,0.00,0.00,26862.00,0.00,0.00,0.00,0.00,0.00,0.00,10604.00,3151.00,1028.00,0.00,0.00,1683.00,10396.00,-,0.00,-,-,-,-,-,-,0.00,#DIV/0!,0.00,0.00,,628.00,26.86,5.37
HomeMaster,1,31/08/21,-,-,10386.00,Financial services; professional services,Full,410.00,54.00,26910.00,0.00,410.00,0.00,0.00,54.00,0.00,3640.00,8730.00,0.00,0.00,60.00,2520.00,11960.00,,0.00,,,,,,,693.00,92.21,639.00,0.00,6644.00,5316.00,27.37,#VALUE!
ICP,1,31/12/21,4,200,,Financial services; professional services,,0.00,0.00,0.00,,,,,,,,,,,,,,,,,,,,,,,#DIV/0!,,,,,0.00,0.00
Illuminet Solutions,1,31/12/21,2,33,402663.00,Financial services; professional services,Full,15772.00,3444.00,180195.00,1991.00,0.00,13781.00,0.00,3444.00,0.00,110289.00,4543.00,2908.00,0.00,464.00,37111.00,24880.00,-,0.00,-,-,-,-,-,-,8837.00,61.02,5392.00,0.00,20383.00,4497.00,199.41,6.04
Insurance Manager,1,31/12/20,-,-,46359.00,Financial services; professional services,,0.00,0.00,11050.00,0.00,0.00,0.00,0.00,0.00,0.00,8250.00,1270.00,0.00,0.00,0.00,600.00,930.00,,0.00,,,,,,,0.00,#DIV/0!,0.00,0.00,933.00,0.00,11.05,#VALUE!
James Cowper,1,30/04/22,5,200,4387279.00,Financial services; professional services,Full,94799.00,21830.00,1211676.00,0.00,0.00,94799.00,0.00,21830.00,0.00,911831.00,17869.00,3089.00,0.00,3039.00,128466.00,147382.00,0.00,0.00,0.00,0.00,0.00,0.00,0.00,0.00,36383.00,40.00,14553.00,0.00,0.00,147382.00,1328.31,6.64
Kapar Asset Protection,1,31/12/21,1,20,,Financial services; professional services,Full,840.00,77.00,43759.00,0.00,840.00,0.00,0.00,0.00,77.00,12725.00,4200.00,0.00,0.00,50.00,0.00,26784.00,-,0.00,-,-,-,-,-,-,0.00,#DIV/0!,0.00,0.00,0.00,26784.00,44.68,2.23
Key Group,1,31/12/21,-,-,5961448.00,Financial services; professional services,Full,519634.00,26275.00,3504800.00,0.00,519634.00,0.00,0.00,26275.00,0.00,2828964.00,224005.00,2269.00,37272.00,1878.00,234932.00,175480.00,,0.00,,,,,,,26725.00,8.90,2379.00,0.00,17231.00,175480.00,4050.71,#VALUE!
Kultra Lab,1,30/06/22,1,10,1169445.00,Financial services; professional services,Full,0.00,0.00,240490.00,0.00,0.00,0.00,0.00,0.00,0.00,225893.00,0.00,277.00,0.00,0.00,10519.00,3801.00,-,0.00,-,-,-,-,-,-,0.00,#DIV/0!,0.00,0.00,2600.00,1202.00,240.49,24.05
Layer 7,1,31/12/21,-,-,,Financial services; professional services,,0.00,0.00,0.00,,,,,,,,,,,,,,,,,,,,,,,#DIV/0!,,,,,0.00,#VALUE!
Meet Recruitment,1,31/12/19,3,185,,Financial services; professional services,,0.00,0.00,0.00,,,,,,,,,,,,,,,,,,,,,,,#DIV/0!,,,,,0.00,0.00
Meet Recruitment,2,31/12/21,3,185,3023301.00,Financial services; professional services,Full,0.00,259305.00,1011433.00,0.00,0.00,0.00,0.00,259305.00,0.00,868693.00,19027.00,5627.00,0.00,0.00,425.00,117661.00,-,0.00,-,-,-,-,-,-,260000.00,0.27,695.00,0.00,47203.00,70458.00,1270.74,6.87
Memiah,1,31/03/22,1,35,886035.00,Financial services; professional services,Full,0.00,986.00,232296.00,0.00,0.00,0.00,0.00,986.00,0.00,172187.00,39998.00,36.00,0.00,53.00,0.00,20022.00,-,0.00,-,-,-,-,-,-,1644.00,40.02,658.00,52.00,17359.00,2610.00,233.28,6.67
Mercia Asset Management,1,31/03/22,10,125,2629596.00,Financial services; professional services,Full,3788.00,0.00,891975.00,0.00,3788.00,0.00,0.00,0.00,0.00,625874.00,37470.00,6050.00,0.00,0.00,104491.00,118090.00,,0.00,,,,,,,0.00,#DIV/0!,0.00,0.00,57096.00,60994.00,895.76,7.17
Victim Support,1,31/12/21,-,-,,UNKNOWN,PPN,35170.00,40263.00,130651.00,35170.00,0.00,0.00,0.00,40263.00,0.00,0.00,0.00,7444.00,2375.00,2822.00,102764.00,15246.00,,0.00,,,,,,,87687.00,54.08,47424.00,0.00,0.00,15246.00,206.08,#VALUE!
Nick Kelly Design,1,31/12/21,0,1,,Financial services; professional services,,0.00,0.00,0.00,,,,,,,,,,,,,,,,,,,,,,,#DIV/0!,,,,,0.00,0.00
Node Tech,1,31/12/21,1,5,157097.00,Financial services; professional services,Full,0.00,0.00,55431.00,0.00,0.00,0.00,0.00,0.00,0.00,34862.00,2880.00,0.00,1252.00,52.00,7926.00,8459.00,-,0.00,-,-,-,-,-,-,0.00,#DIV/0!,0.00,0.00,0.00,0.00,55.43,11.09
Northedge,1,31/12/21,2,39,979551.00,Financial services; professional services,Full,0.00,0.00,42737842.00,0.00,0.00,0.00,0.00,0.00,0.00,226576.00,0.00,1836.00,0.00,0.00,7082.00,43794.00,0.00,0.00,0.00,0.00,0.00,0.00,0.00,42458554.00,7530.00,100.00,7530.00,0.00,11331.00,32463.00,42737.84,1095.84
OGCI,1,31/12/21,2,50,5052122.00,Financial services; professional services,Full,0.00,0.00,920819.00,0.00,0.00,0.00,0.00,0.00,0.00,705868.00,61260.00,2893.00,0.00,0.00,113875.00,27017.00,-,9906.00,-,-,-,-,-,-,4579.00,100.00,4579.00,,23654.00,3363.00,920.82,18.42
Oleeo UK,1,31/12/19,1,105,1413685.00,Financial services; professional services,Full,6718.00,0.00,545991.00,6718.00,0.00,0.00,0.00,0.00,0.00,370469.00,80609.00,9457.00,0.00,3397.00,16997.00,65062.00,0.00,0.00,0.00,0.00,0.00,0.00,0.00,0.00,29923.00,100.00,29923.00,0.00,33629.00,65062.00,552.71,5.26
Oleeo UK,2,31/12/21,1,105,1714022.00,Financial services; professional services,Full,837.00,0.00,471645.00,837.00,0.00,0.00,0.00,0.00,0.00,374128.00,51302.00,8185.00,0.00,2309.00,0.00,35721.00,0.00,0.00,0.00,0.00,0.00,0.00,0.00,0.00,18579.00,100.00,18579.00,0.00,33064.00,2657.00,472.48,4.50
Oleeo US,1,31/12/19,1,11,169023.00,Financial services; professional services,Full,878.00,1754.00,298787.00,878.00,0.00,0.00,0.00,1754.00,0.00,30390.00,1720.00,154.00,0.00,103.00,265237.00,1183.00,0.00,0.00,0.00,0.00,0.00,0.00,0.00,0.00,1754.00,0.00,0.00,0.00,629.00,554.00,301.42,27.40
Oleeo US,2,31/12/21,1,11,65158.00,Financial services; professional services,Full,3043.00,190.00,28957.00,3043.00,0.00,0.00,0.00,190.00,0.00,11228.00,1845.00,183.00,0.00,0.00,14067.00,1634.00,0.00,0.00,0.00,0.00,0.00,0.00,0.00,0.00,190.00,0.00,0.00,0.00,1634.00,0.00,32.19,2.93
Oxivity Consultancy,1,30/06/22,1,3,41893.00,Financial services; professional services,Full,7677.00,1308.00,34671.00,7677.00,0.00,0.00,0.00,1308.00,0.00,19018.00,13287.00,222.00,0.00,19.00,2052.00,73.00,-,0.00,-,-,-,-,-,-,2613.00,50.06,1308.00,0.00,2.00,70.00,43.66,14.55
P Three,,,-,-,,Financial services; professional services,,0.00,0.00,0.00,,,,,,,,,,,,,,,,,,,,,,,#DIV/0!,,,,,0.00,#VALUE!
Past Due Credit,1,31/12/21,1,350,2383466.00,Financial services; professional services,Full,10827.00,18247.00,888643.00,10827.00,0.00,0.00,0.00,18247.00,0.00,760819.00,32064.00,4845.00,0.00,1073.00,0.00,89842.00,0.00,0.00,0.00,0.00,0.00,0.00,0.00,0.00,36493.00,50.00,18247.00,0.00,16494.00,73348.00,917.72,2.62
Pharmacists Defence Association,1,31/12/19,-,42,,Financial services; professional services,,0.00,0.00,0.00,,,,,,,,,,,,,,,,,,,,,,,#DIV/0!,,,,,0.00,0.00
Pharmacists Defence Association,2,31/12/21,-,42,,Financial services; professional services,,0.00,0.00,0.00,,,,,,,,,,,,,,,,,,,,,,,#DIV/0!,,,,,0.00,0.00
Phastar,1,31/07/21,15,290,9984211.00,Financial services; professional services,Full,79802.00,43902.00,2164228.00,79802.00,0.00,0.00,0.00,43382.00,520.00,1914664.00,0.00,22816.00,16726.00,1631.00,2261.00,206130.00,-,0.00,-,-,-,-,-,-,76224.00,43.09,32842.00,0.00,158770.00,47360.00,2287.93,7.89
Pinnacle,1,31/03/22,6,100,1189000.00,Financial services; professional services,Full,4374.00,2880.00,395997.00,4374.00,0.00,0.00,0.00,2880.00,0.00,261793.00,0.00,2130.00,0.00,799.00,48861.00,82414.00,-,0.00,-,-,-,-,-,-,5760.00,50.00,2880.00,0.00,15496.00,66918.00,403.25,4.03
Pioneer Subsea,1,30/09/22,1,1,32368.00,Financial services; professional services,Full,171.00,0.00,7951.00,154.00,17.00,0.00,0.00,0.00,0.00,6779.00,200.00,8.00,0.00,69.00,535.00,360.00,-,0.00,-,-,-,-,-,-,345.00,100.00,345.00,0.00,184.00,176.00,8.12,8.12
Plus Project,1,30/06/22,3,56,220007.00,Financial services; professional services,Full,0.00,2097.00,132325.00,0.00,0.00,0.00,0.00,0.00,2097.00,52677.00,11242.00,4393.00,0.00,282.00,5480.00,58251.00,-,0.00,-,-,-,-,-,-,0.00,#DIV/0!,0.00,0.00,48417.00,16764.00,134.42,2.40
Positive Planet,1,31/12/21,-,-,91090.00,Financial services; professional services,Full,0.00,0.00,18208.00,0.00,0.00,0.00,0.00,0.00,0.00,18207.00,0.00,0.00,0.00,0.00,1.00,0.00,-,0.00,-,-,-,-,-,-,0.00,#DIV/0!,0.00,0.00,0.00,0.00,18.21,#VALUE!
Qualitest,1,31/12/21,3,550,1653816.00,Financial services; professional services,Full,4404.00,5247.00,1779642.00,4404.00,0.00,0.00,0.00,5247.00,0.00,655326.00,359302.00,30616.00,0.00,174993.00,29855.00,529550.00,-,0.00,-,-,-,-,-,-,25684.00,79.57,20437.00,0.00,268716.00,260834.00,1789.29,3.25
Ramarketing,1,30/06/22,3,59,382993.00,Financial services; professional services,Full,11886.00,2376.00,233721.00,11886.00,0.00,0.00,0.00,2376.00,0.00,126545.00,8812.00,2989.00,0.00,613.00,57947.00,36815.00,-,0.00,-,-,-,-,-,-,4752.00,50.00,2376.00,0.00,24424.00,12392.00,247.98,4.20
Real Consulting,1,31/12/21,-,-,98949.00,Financial services; professional services,Full,9651.00,0.00,45470.00,9651.00,0.00,0.00,0.00,0.00,0.00,27196.00,1357.00,0.00,0.00,36.00,4013.00,12868.00,,0.00,,,,,,,12316.00,100.00,12316.00,0.00,5406.00,7462.00,55.12,#VALUE!
Reo Digital,1,30/06/22,3,10,371516.00,Financial services; professional services,Full,0.00,1943.00,128689.00,0.00,0.00,0.00,0.00,1943.00,0.00,78672.00,13377.00,607.00,0.00,0.00,29849.00,6184.00,-,0.00,-,-,-,-,-,-,1943.00,0.00,0.00,166.00,5730.00,289.00,130.63,13.06
Round World Group,1,31/12/21,-,-,846882.00,Financial services; professional services,Full,0.00,2970.00,342312.00,0.00,0.00,0.00,0.00,2970.00,0.00,185925.00,0.00,1282.00,20075.00,340.00,72440.00,62250.00,,0.00,,,,,,,2970.00,0.00,0.00,0.00,9727.00,52524.00,345.28,#VALUE!
Ruffer London,1,31/12/21,1,276,27472251.00,Financial services; professional services,Full,1384.00,0.00,7671867.00,1382.00,0.00,2.00,0.00,0.00,0.00,6400202.00,678769.00,21272.00,14769.00,6060.00,399717.00,151078.00,0.00,0.00,0.00,0.00,0.00,0.00,0.00,0.00,101229.00,100.00,101229.00,0.00,119589.00,31489.00,7673.25,27.80
The Risk Factor,1,31/12/20,-,-,66920.00,Financial services; professional services,Full,0.00,0.00,20540.00,0.00,0.00,0.00,0.00,0.00,0.00,14234.00,1220.00,0.00,0.00,0.00,1432.00,3654.00,0.00,0.00,0.00,,,,,,0.00,#DIV/0!,0.00,0.00,3654.00,0.00,20.54,#VALUE!
The Risk Factor,2,31/12/21,1,6,84919.00,Financial services; professional services,Full,0.00,0.00,32786.00,0.00,0.00,0.00,0.00,0.00,0.00,25676.00,0.00,385.00,0.00,0.00,3088.00,3637.00,-,0.00,-,-,-,-,-,-,0.00,#DIV/0!,0.00,0.00,3637.00,0.00,32.79,5.46
Six Degrees Technology Group,1,31/03/22,4,430,0.00,Software / IT,PPN,3233.00,511412.00,345852.00,3233.00,0.00,0.00,0.00,511412.00,0.00,0.00,0.00,80437.00,14655.00,17285.00,78841.00,154634.00,-,0.00,-,-,-,-,-,-,3636039.00,85.93,3124627.00,0.00,0.00,154639.00,860.50,2.00
TUV,,,-,-,,Financial services; professional services,,0.00,0.00,0.00,,,,,,,,,,,,,,,,,,,,,,,#DIV/0!,,,,,0.00,#VALUE!
Wessex Archeology,1,31/03/22,8,350,,UNKNOWN,PPN,348460.00,0.00,277930.00,27027.00,321433.00,0.00,0.00,0.00,0.00,0.00,0.00,12899.00,0.00,7191.00,5432.00,252294.00,,114.00,,,,,,,59942.00,100.00,59942.00,0.00,103744.00,148551.00,626.39,1.79
Causeway,1,31/12/21,1,300,0.00,Construction,PPN,494.00,560.00,254007.00,494.00,0.00,0.00,0.00,560.00,0.00,0.00,0.00,21374.00,0.00,164.00,31319.00,201150.00,-,0.00,-,-,-,-,-,-,903.00,37.98,343.00,0.00,201150.00,0.00,255.06,0.85
Utility People,1,31/12/21,-,-,57674.00,Financial services; professional services,Full,0.00,0.00,15308.00,0.00,0.00,0.00,0.00,0.00,0.00,13935.00,0.00,0.00,0.00,0.00,1297.00,76.00,,0.00,,,,,,,0.00,#DIV/0!,0.00,0.00,0.00,76.00,15.31,#VALUE!
Vyne,1,31/03/22,-,50,2999713.00,Financial services; professional services,Full,0.00,0.00,687989.00,0.00,0.00,0.00,0.00,0.00,0.00,555694.00,74951.00,2682.00,281.00,0.00,16492.00,37889.00,-,0.00,-,-,-,-,-,-,0.00,#DIV/0!,0.00,0.00,25330.00,12559.00,687.99,13.76
Pickerings,1,30/06/22,13,254,0.00,Commerce / Retail,PPN,191280.00,64006.00,564270.00,168209.00,23071.00,0.00,0.00,64006.00,0.00,0.00,0.00,2360.00,0.00,22045.00,448523.00,91342.00,-,0.00,-,-,-,-,-,-,106677.00,40.00,42671.00,0.00,46737.00,44605.00,819.56,3.23
Walker Sime,1,31/12/21,-,-,1338073.00,Financial services; professional services,Full,23211.00,2641.00,459925.00,23211.00,0.00,0.00,0.00,2641.00,0.00,327503.00,0.00,0.00,0.00,647.00,49676.00,82099.00,,0.00,,,,,,,10564.00,75.00,7923.00,0.00,40309.00,82099.00,485.78,#VALUE!
Warrington Mortgage Centre,1,31/03/22,2,40,,Financial services; professional services,,0.00,0.00,0.00,,,,,,,,,,,,,,,,,,,,,,,#DIV/0!,,,,,0.00,0.00
Wiltshire Friendly Society,1,31/12/21,1,13,195007.00,Financial services; professional services,Full,83.00,4066.00,63878.00,83.00,0.00,0.00,0.00,4066.00,0.00,45431.00,8092.00,150.00,45.00,1017.00,113.00,9030.00,-,0.00,-,-,-,-,-,-,6776.00,39.99,2710.00,0.00,3554.00,5476.00,68.03,5.23
Wizcot Limited,1,31/12/21,-,1,,Financial services; professional services,,0.00,0.00,0.00,,,,,,,,,,,,,,,,,,,,,,,#DIV/0!,,,,,0.00,0.00
Yell,,,-,-,,Financial services; professional services,,0.00,0.00,0.00,,,,,,,,,,,,,,,,,,,,,,,#DIV/0!,,,,,0.00,#VALUE!
Boddingtons Berries,1,31/12/19,-,-,35783.00,Food; drink; tobacco,Full,14641.00,0.00,66931.00,4829.00,9812.00,0.00,0.00,0.00,0.00,15121.00,30326.00,0.00,11196.00,2784.00,5600.00,1904.00,,0.00,,,,,,,16145.00,100.00,16145.00,0.00,0.00,1904.00,81.57,#VALUE!
Boddingtons Berries,2,31/12/20,-,-,25833.00,Food; drink; tobacco,Full,12242.00,0.00,89538.00,4829.00,7413.00,0.00,0.00,0.00,0.00,11599.00,62041.00,0.00,12690.00,756.00,0.00,2452.00,,0.00,,,,,,,21081.00,100.00,21081.00,0.00,19.00,2433.00,101.78,#VALUE!
Cardiff Distillery,1,31/05/22,1,8,111866.00,Food; drink; tobacco,Full,0.00,1174.00,118033.00,0.00,0.00,0.00,0.00,1174.00,0.00,85247.00,8697.00,297.00,849.00,1265.00,12115.00,9563.00,-,0.00,-,-,-,-,-,-,2348.00,50.00,1174.00,0.00,920.00,8643.00,119.21,14.90
Clearly Drinks,1,31/12/21,1,92,11632556.00,Food; drink; tobacco,Full,659630.00,0.00,49013277.00,181639.00,15219.00,0.00,462772.00,0.00,0.00,7397258.00,0.00,51910.00,138814.00,2313.00,5168.00,126431.00,0.00,41291383.00,0.00,0.00,0.00,0.00,0.00,0.00,611440.00,100.00,611440.00,0.00,0.00,126431.00,49672.91,539.92
Hampsons of Hayle,1,31/12/21,2,5,16612.00,Food; drink; tobacco,Full,8322.00,18389.00,15626.00,7033.00,1289.00,0.00,0.00,18389.00,0.00,7416.00,0.00,1561.00,151.00,1225.00,0.00,5273.00,,0.00,,,,,,,18389.00,50.00,9194.00,0.00,0.00,5273.00,42.34,8.47
Horsham Coffee,1,31/12/21,-,-,150199.00,Food; drink; tobacco,Full,10734.00,0.00,128006.00,10734.00,0.00,0.00,0.00,0.00,0.00,37791.00,6440.00,284.00,72815.00,41.00,17.00,10618.00,,0.00,,,,,,,2747.00,100.00,2747.00,0.00,477.00,10142.00,138.74,#VALUE!
House of Botanical,1,31/12/21,1,2,,Food; drink; tobacco,,0.00,0.00,0.00,,,,,,,,,,,,,,,,,,,,,,,#DIV/0!,,,,,0.00,0.00
MedSkin,1,31/12/21,3,145,0.00,Health services,PPN,2525323.00,407449.00,44098.00,2525323.00,0.00,0.00,0.00,407449.00,0.00,0.00,0.00,44098.00,0.00,0.00,0.00,0.00,0.00,0.00,0.00,0.00,0.00,0.00,0.00,0.00,814899.00,50.00,407449.00,0.00,0.00,0.00,2976.87,20.53
KatKin,1,,-,-,,Food; drink; tobacco,,0.00,0.00,0.00,,,,,,,,,,,,,,,,,,,,,,,#DIV/0!,,,,,0.00,#VALUE!
Ark H,1,31/12/21,2,130,0.00,Transport (including civil aviation; railways; road transport),PPN,13076.00,61055.00,188900.00,12226.00,850.00,0.00,0.00,61055.00,0.00,0.00,0.00,8639.00,0.00,112722.00,3998.00,63541.00,-,0.00,-,-,-,-,-,-,-,#VALUE!,-,,,,263.03,2.02
Kerridges,1,20/09/21,20,"1,200",,Food; drink; tobacco,,0.00,0.00,0.00,,,,,,,,,,,,,,,,,,,,,,,#DIV/0!,,,,,0.00,0.00
Knowles Green,1,31/12/21,1,2,75866.00,Food; drink; tobacco,Full,0.00,2277.00,62187.00,0.00,0.00,0.00,0.00,2277.00,0.00,61319.00,0.00,212.00,0.00,20.00,0.00,636.00,,,,,,,,,2277.00,0.00,0.00,0.00,179.00,458.00,64.46,32.23
Lifebox,,,-,-,,Food; drink; tobacco,,0.00,0.00,0.00,,,,,,,,,,,,,,,,,,,,,,,#DIV/0!,,,,,0.00,#VALUE!
Method Coffee Roasters,1,31/03/22,2,6,244426.00,Food; drink; tobacco,Full,9211.00,3287.00,175871.00,4649.00,4562.00,0.00,0.00,3287.00,0.00,87393.00,63735.00,558.00,12533.00,716.00,6241.00,4695.00,-,0.00,-,-,-,-,-,-,6573.00,50.01,3287.00,0.00,0.00,4695.00,188.37,31.39
Skills for Care,1,31/03/22,1,120,0.00,Financial services; professional services,PPN,0.00,283.00,92407.00,0.00,0.00,0.00,0.00,283.00,0.00,0.00,0.00,7226.00,189.00,270.00,6338.00,78384.00,-,0.00,-,-,-,-,-,-,690.00,58.99,407.00,0.00,67697.00,10687.00,92.69,0.77
No Evil,1,31/12/21,-,-,37230.00,Food; drink; tobacco,Full,0.00,0.00,49986.00,0.00,0.00,0.00,0.00,0.00,0.00,20450.00,2228.00,0.00,1633.00,0.00,10.00,383.00,,25282.00,,,,,,,0.00,#DIV/0!,0.00,0.00,383.00,0.00,49.99,#VALUE!
Odds Timber,1,31/12/21,-,-,65824.00,Forestry; wood; pulp and paper,Full,26797.00,34330.00,115137.00,5269.00,21528.00,0.00,0.00,34330.00,0.00,14480.00,0.00,0.00,93149.00,429.00,1338.00,5741.00,,0.00,,,,,,,50411.00,31.90,16081.00,0.00,158.00,5741.00,176.26,#VALUE!
Packaging Products,1,31/12/20,-,-,1039100.00,Forestry; wood; pulp and paper,Full,305066.00,80928.00,5344502.00,305066.00,0.00,0.00,0.00,80928.00,0.00,971610.00,109510.00,0.00,,4263382.00,0.00,0.00,,0.00,,,,,,,108675.00,25.53,27747.00,,,,5730.50,#VALUE!
Wren Press,1,31/12/21,2,9,,Forestry; wood; pulp and paper,,0.00,0.00,0.00,,,,,,,,,,,,,,,,,,,,,,,#DIV/0!,,,,,0.00,0.00
APR Medical,1,31/12/21,-,-,30302.00,Health services,Full,0.00,0.00,1255690.00,0.00,0.00,0.00,0.00,0.00,0.00,8934.00,0.00,0.00,1243508.00,0.00,300.00,2198.00,,750.00,,,,,,,,,,,,,1255.69,#VALUE!
Bridge Dental Care,1,31/12/21,1,49,,Health services,Full,0.00,0.00,0.00,,,,,,,,,,,,,,,,,,,,,,,#DIV/0!,,,,,0.00,0.00
My Improvement Network,1,31/12/21,1,14,18001.00,Health services,Full,10985.00,0.00,34024.00,0.00,10985.00,0.00,0.00,0.00,0.00,6037.00,0.00,0.00,813.00,145.00,0.00,9956.00,-,17073.00,-,-,-,-,-,-,0.00,#DIV/0!,0.00,0.00,2432.00,0.00,45.01,3.21
Persona Care & Support,1,31/03/21,14,450,,Health services,,0.00,0.00,0.00,,,,,,,,,,,,,,,,,,,,,,,#DIV/0!,,,,,0.00,0.00
Retina Group,1,31/12/19,-,-,171117.00,Health services,Full,30123.00,109811.00,101218.00,30123.00,0.00,0.00,0.00,109811.00,0.00,55599.00,18911.00,0.00,2272.00,240.00,2283.00,21913.00,,0.00,,,,,,,109811.00,0.00,0.00,0.00,,21913.00,241.15,#VALUE!
Retina Group,2,31/12/21,2,28,,Health services,,0.00,0.00,0.00,,,,,,,,,,,,,,,,,,,,,,,#DIV/0!,,,,,0.00,0.00
Event Concept,1,31/12/21,1,50,2196345.00,Hotels; tourism; catering,Full,11219.00,0.00,1863340.00,,11219.00,,,,,573798.00,1137709.00,3310.00,10453.00,16299.00,14202.00,54690.00,,52879.00,,,,,,,38992.00,100.00,38992.00,,14751.00,39939.00,1874.56,37.49
Event Trader,1,31/08/22,1,2,15150.00,Hotels; tourism; catering,Full,458.00,0.00,3478.00,458.00,0.00,0.00,0.00,0.00,0.00,3085.00,0.00,2.00,0.00,54.00,203.00,134.00,-,0.00,-,-,-,-,-,-,93.00,100.00,93.00,0.00,134.00,0.00,3.94,1.97
Outlook Expeditions,1,31/10/19,3,32,181224.00,Hotels; tourism; catering,Full,0.00,3259.00,6184805.00,0.00,0.00,0.00,0.00,3259.00,0.00,50418.00,9795.00,1325.00,0.00,1807.00,87831.00,26226.00,0.00,0.00,0.00,6007403.00,0.00,0.00,0.00,0.00,3377.00,3.49,118.00,0.00,9804.00,26226.00,6188.06,193.38
River Dart Country Park,,,-,-,,Hotels; tourism; catering,,0.00,0.00,0.00,,,,,,,,,,,,,,,,,,,,,,,#DIV/0!,,,,,0.00,#VALUE!
Service Course,,,-,-,100.00,Hotels; tourism; catering,,0.00,0.00,554.00,,,,,,,,,,,,554.00,,,,,,,,,,0.00,#DIV/0!,0.00,0.00,0.00,0.00,0.55,#VALUE!
ADP Diamond Cutting,1,31/12/21,1,25,60859.00,Mechanical and electrical engineering,Full,14057.00,6036.00,286839.00,3807.00,10250.00,0.00,0.00,6036.00,0.00,12572.00,13250.00,778.00,165039.00,265.00,0.00,58719.00,-,36216.00,-,-,-,-,-,-,,,,,,,306.93,12.28
RB Switch,1,31/12/21,-,-,2251463.00,Mechanical and electrical engineering,Full,249648.00,21296.00,2236984.00,36487.00,5681.00,207480.00,0.00,21296.00,0.00,1310470.00,86283.00,1808.00,0.00,3299.00,278550.00,131291.00,-,425283.00,-,-,-,-,-,-,21296.00,75.03,15978.00,0.00,0.00,131291.00,2507.93,#VALUE!
Richard Alan Engineering,1,31/12/21,1,130,1181791.00,Mechanical and electrical engineering,Full,13873.00,0.00,598973.00,0.00,13873.00,0.00,0.00,0.00,0.00,386423.00,46825.00,75.00,0.00,0.00,35995.00,129655.00,,0.00,,,,,,,0.00,#DIV/0!,0.00,0.00,706.00,128949.00,612.85,4.71
RM Utility,1,31/03/22,-,34,,Mechanical and electrical engineering,,0.00,0.00,0.00,,,,,,,,,,,,,,,,,,,,,,,#DIV/0!,,,,,0.00,0.00
Winder Power,1,31/12/21,1,76,1435799.00,Mechanical and electrical engineering,Full,480112.00,67028.00,685260.00,206630.00,188673.00,84809.00,0.00,67028.00,0.00,305002.00,108967.00,10904.00,92349.00,5567.00,0.00,160872.00,-,1599.00,-,-,-,-,-,-,111713.00,40.00,44685.00,0.00,13410.00,147462.00,1232.40,16.22
Read Construction,1,31/12/21,1,73,17396064.00,Construction,PPN,0.00,0.00,0.00,,,,,,,,,,,,,,,,,,,,,,50387.00,40.00,20155.00,0.00,29368.00,67313.00,0.00,0.00
Art House,1,31/12/21,1,60,3340912.00,Media; culture; graphical,Full,27281.00,18813.00,7354177.00,22746.00,4535.00,0.00,0.00,18813.00,0.00,553497.00,64224.00,26116.00,1045358.00,1126.00,31861.00,380212.00,-,5251783.00,-,-,-,-,-,-,,,,,,,7400.27,123.34
AudioServ,1,31/12/21,-,-,55520.00,Media; culture; graphical,Full,3053.00,1074.00,116943.00,0.00,3053.00,0.00,0.00,1074.00,0.00,18320.00,67091.00,91.00,8471.00,135.00,6561.00,5917.00,,10357.00,,,,,,,9160.00,34.09,3123.00,,,,121.07,#VALUE!
BoxTail Soup,1,31/12/19,-,-,5667.00,Media; culture; graphical,Full,0.00,0.00,19030.00,0.00,0.00,0.00,0.00,0.00,0.00,3980.00,0.00,0.00,0.00,0.00,14580.00,470.00,,0.00,,,,,,,0.00,#DIV/0!,0.00,0.00,56.00,410.00,19.03,#VALUE!
BoxTail Soup,2,31/12/20,-,-,2231.00,Media; culture; graphical,Full,0.00,0.00,3270.00,0.00,0.00,0.00,0.00,0.00,0.00,1610.00,0.00,0.00,0.00,0.00,1290.00,370.00,,0.00,,,,,,,0.00,#DIV/0!,0.00,0.00,53.00,321.00,3.27,#VALUE!
Haymarket Media,1,31/12/21,-,-,1918285.00,Media; culture; graphical,Full,0.00,0.00,348446.00,0.00,0.00,0.00,0.00,0.00,0.00,348446.00,0.00,0.00,0.00,0.00,0.00,0.00,,0.00,,,,,,,0.00,#DIV/0!,0.00,0.00,0.00,0.00,348.45,#VALUE!
Latcham,1,31/12/21,-,-,1333015.00,Media; culture; graphical,Full,78272.00,1060.00,650783.00,66090.00,12182.00,0.00,0.00,1060.00,0.00,317702.00,122077.00,17606.00,9041.00,62279.00,1532.00,111302.00,,9244.00,,,,,,,1060.00,0.00,0.00,32143.00,0.00,79159.00,730.12,#VALUE!
Observatory International,1,31/12/21,1,8,,Media; culture; graphical,,0.00,0.00,0.00,,,,,,,,,,,,,,,,,,,,,,,#DIV/0!,,,,,0.00,0.00
Meritec,1,31/05/22,1,56,0.00,Software / IT,PPN,3614.00,4338.00,9237.00,2943.00,671.00,0.00,0.00,4338.00,0.00,0.00,0.00,820.00,1944.00,722.00,229.00,5067.00,,455.00,,,,,,,7230.00,40.00,2892.00,0.00,0.00,5067.00,17.19,0.31
Social Trend,,,-,-,,Media; culture; graphical,,0.00,0.00,0.00,,,,,,,,,,,,,,,,,,,,,,,#DIV/0!,,,,,0.00,#VALUE!
Russell Taylor Group,1,31/12/21,5,70,,Financial services; professional services,PPN,4978.00,18374.00,126189.00,1030.00,3948.00,0.00,0.00,18374.00,0.00,0.00,0.00,1330.00,0.00,726.00,41118.00,83015.00,-,0.00,-,-,-,-,-,-,39084.00,40.00,15634.00,5077.00,0.00,77938.00,149.54,2.14
Taskmaster,1,31/12/21,10,70,,Media; culture; graphical,,0.00,0.00,0.00,,,,,,,,,,,,,,,,,,,,,,,#DIV/0!,,,,,0.00,0.00
Smart Energy,1,31/12/21,2,60,0.00,Media; culture; graphical,PPN,1194.00,0.00,2543.00,1194.00,0.00,0.00,0.00,0.00,0.00,0.00,0.00,1570.00,0.00,42.00,931.00,0.00,-,0.00,-,-,-,-,-,-,18492.00,100.00,18492.00,0.00,0.00,0.00,3.74,0.06
Texere Publishing,1,31/03/22,2,57,,Media; culture; graphical,,0.00,0.00,0.00,,,,,,,,,,,,,,,,,,,,,,,#DIV/0!,,,,,0.00,0.00
The Workhaus,1,31/12/21,-,-,,Media; culture; graphical,Full,15664.00,3922.00,108001.00,9411.00,6249.00,0.00,4.00,3922.00,0.00,160.00,6299.00,0.00,0.00,296.00,85744.00,15502.00,,0.00,,,,,,,15689.00,75.00,11767.00,0.00,2232.00,13270.00,127.59,#VALUE!
Convergence Group,1,31/3/22,1,130,1346919.00,Postal and telecommunications services,Full,60480.00,33656.00,822968.00,0.00,60480.00,0.00,0.00,33656.00,0.00,293901.00,230198.00,1241.00,11275.00,1349.00,3370.00,274473.00,-,7161.00,-,-,-,-,-,-,,#DIV/0!,,0.00,39867.00,234605.00,917.10,7.05
eCourier,1,31/12/21,2,68,,Postal and telecommunications services,,0.00,0.00,0.00,,,,,,,,,,,,,,,,,,,,,,,#DIV/0!,,,,,0.00,0.00
Agile Applications,1,31/12/21,3,52,0.00,Software / IT,PPN,2319.00,12276.00,48177.00,2319.00,0.00,0.00,0.00,12276.00,0.00,0.00,0.00,1953.00,0.00,540.00,3959.00,41725.00,-,0.00,-,-,-,-,-,-,-,#VALUE!,-,0.00,22277.00,0.00,62.77,1.21
Spelthorne Borough Council,,,-,-,,Public service,,0.00,0.00,0.00,,,,,,,,,,,,,,,,,,,,,,,#DIV/0!,,,,,0.00,#VALUE!
St Martins of Tours,1,31/03/22,7,55,,Public service,,0.00,0.00,0.00,,,,,,,,,,,,,,,,,,,,,,,#DIV/0!,,,,,0.00,0.00
Wiltshire Air Ambulance,1,31/08/22,2,26,,Public service,,0.00,0.00,0.00,,,,,,,,,,,,,,,,,,,,,,,#DIV/0!,,,,,0.00,0.00
WorkL,1,31/03/22,1,40,0.00,Software / IT,PPN,0.00,1043.00,27943.00,0.00,0.00,0.00,0.00,1043.00,0.00,0.00,0.00,1677.00,0.00,72.00,1975.00,24219.00,-,0.00,-,-,-,-,-,-,1738.00,39.99,695.00,0.00,14442.00,9778.00,28.99,0.72
AirDat,1,31/12/21,-,-,176820.00,Software / IT,Full,0.00,0.00,60241.00,0.00,0.00,0.00,0.00,0.00,0.00,48835.00,1252.00,0.00,0.00,0.00,1160.00,8994.00,,0.00,,,,,,,32473.00,50.00,16237.00,1590.00,33834.00,34044.00,60.24,#VALUE!
Altia,1,31/12/21,3,65,988355.00,Software / IT,Full,12780.00,31865.00,327622.00,0.00,1505.00,11275.00,0.00,3701.00,28164.00,196970.00,17930.00,524.00,0.00,1473.00,7676.00,103049.00,-,0.00,,-,-,-,-,-,7668.00,#VALUE!,-,-,1896.00,7281.00,372.27,5.73
Armakuni,1,31/12/21,0,28, ,Software / IT,Full,0.00,0.00,166465.00,0.00,0.00,0.00,0.00,0.00,0.00,109706.00,32754.00,0.00,0.00,559.00,1169.00,22277.00,0.00,0.00,0.00,0.00,0.00,0.00,0.00,0.00,19984.00,38.58,7709.00,,,,166.47,5.95
Bartec Municipal,1,31/08/22,1,36,,Software / IT,,0.00,0.00,0.00,,,,,,,,,,,,,,,,,,,,,,9942.00,100.00,9942.00,0.00,57874.00,0.00,0.00,0.00
BlackBox Hosting,1,31/12/21,1,7,932518.00,Software / IT,Full,0.00,0.00,302185.00,0.00,0.00,0.00,0.00,0.00,0.00,192034.00,104023.00,483.00,0.00,65.00,209.00,5371.00,-,0.00,-,-,-,-,-,-,0.00,#DIV/0!,0.00,0.00,4559.00,811.00,302.19,43.17
Class Networks CSSC,1,31/07/22,1,50,0.00,Software / IT,Full,23485.00,8634.00,106192.00,0.00,23485.00,0.00,0.00,8634.00,0.00,0.00,0.00,3934.00,0.00,274.00,0.00,97784.00,-,4200.00,-,-,-,-,-,-,17267.00,50.00,8634.00,2136.00,23308.00,72340.00,138.31,2.77
Cyber Duck,1,31/01/22,2,73,271410.00,Software / IT,Full,7436.00,2575.00,74840.00,6047.00,1389.00,0.00,0.00,2575.00,0.00,48481.00,0.00,388.00,0.00,102.00,1005.00,24864.00,-,0.00,-,-,-,-,-,-,4574.00,43.70,1999.00,0.00,14524.00,10340.00,84.85,1.16
Dataspire,1,31/12/21,-,-,1607593.00,Software / IT,Full,20792.00,0.00,81654.00,,12231.00,8561.00,0.00,0.00,0.00,42245.00,0.00,0.00,0.00,199.00,5057.00,34153.00,,0.00,,,,,,,0.00,#DIV/0!,0.00,0.00,29205.00,34153.00,102.45,#VALUE!
ITC International,1,,-,-,,Software / IT,,0.00,0.00,0.00,,,,,,,,,,,,,,,,,,,,,,,#DIV/0!,,,,,0.00,#VALUE!
ITC UK,1,31/12/2019,3,160,,Software / IT,,0.00,0.00,0.00,,,,,,,,,,,,,,,,,,,,,,,#DIV/0!,,,,,0.00,0.00
ITC UK,2,31/12/2021,3,160,7624812.00,Software / IT,Full,8040.00,0.00,724973.00,2989.00,5051.00,0.00,0.00,0.00,0.00,441974.00,46557.00,12216.00,56.00,784.00,49756.00,172371.00,-,1259.00,-,-,-,-,-,-,19732.00,100.00,19732.00,0.00,99556.00,72815.00,733.01,4.58
Catalyst EU,1,31/03/22,1,39,,Software / IT,PPN,7332.00,932.00,28790.00,7332.00,0.00,0.00,0.00,932.00,0.00,0.00,0.00,2130.00,0.00,405.00,3893.00,22362.00,-,0.00,-,-,-,-,-,-,1554.00,40.03,622.00,0.00,18873.00,,37.05,0.95
Lifebit Biotech,1,31/12/21,-,-,1603145.00,Software / IT,Full,0.00,0.00,355558.00,0.00,0.00,0.00,0.00,0.00,0.00,347397.00,0.00,0.00,0.00,159.00,4423.00,3579.00,,0.00,,,,,,,0.00,#DIV/0!,0.00,0.00,0.00,3579.00,355.56,#VALUE!
Ometria,1,31/12/21,-,-,2836732.00,Software / IT,Full,0.00,0.00,530819.00,0.00,0.00,0.00,0.00,0.00,0.00,408540.00,117711.00,0.00,0.00,23.00,3436.00,1109.00,,0.00,,,,,,,0.00,#DIV/0!,0.00,0.00,70737.00,1109.00,530.82,#VALUE!
Phoebus Software,1,31/12/21,2,118,6307501.00,Software / IT,Full,237.00,376268.00,1370324.00,0.00,237.00,0.00,0.00,0.00,376268.00,1191303.00,0.00,4690.00,0.00,0.00,0.00,174331.00,-,0.00,-,-,-,-,-,-,0.00,#DIV/0!,0.00,0.00,44292.00,130039.00,1746.83,14.80
Techlabs London,1,31/12/21,-,-,30700.00,Software / IT,Full,0.00,0.00,40532.00,0.00,0.00,0.00,0.00,0.00,0.00,4762.00,17550.00,1104.00,0.00,78.00,3696.00,13342.00,,0.00,,,,,,,,#DIV/0!,,0.00,10430.00,2919.00,40.53,#VALUE!
USystems,1,31/10/20,-,-,,Software / IT,,0.00,0.00,0.00,,,,,,,,,,,,,,,,,,,,,,,#DIV/0!,,,,,0.00,#VALUE!
USystems,2,31/12/21,-,-,646528.00,Software / IT,Full,247881.00,88123.00,634900.00,213527.00,34336.00,0.00,18.00,88123.00,0.00,215255.00,7177.00,9449.00,88782.00,750.00,20236.00,76714.00,,216537.00,,,,,,,104042.00,15.30,15919.00,0.00,5843.00,70871.00,970.90,#VALUE!
UTDS Optimal Choice,,,-,-,,Software / IT,,0.00,0.00,0.00,,,,,,,,,,,,,,,,,,,,,,,#DIV/0!,,,,,0.00,#VALUE!
Waterstons,1,31/12/21,4,245,,Software / IT,,0.00,0.00,0.00,,,,,,,,,,,,,,,,,,,,,,,#DIV/0!,,,,,0.00,0.00
Bollington Leisure,1,31/12/19,-,-,331104.00,Sport / Leisure,Full,59817.00,111923.00,116070.00,59817.00,0.00,0.00,0.00,111923.00,0.00,103018.00,0.00,0.00,0.00,11015.00,133.00,1904.00,,0.00,,,,,,,211902.00,47.18,99979.00,0.00,0.00,1904.00,287.81,#VALUE!
Bollington Leisure,2,31/12/20,-,-,,Sport / Leisure,,0.00,0.00,0.00,,,,,,,,,,,,,,,,,,,,,,,#DIV/0!,,,,,0.00,#VALUE!
Climbing Academy,1,30/09/21,5,55,343572.00,Sport / Leisure,Full,0.00,60014.00,224440.00,0.00,0.00,0.00,0.00,32287.00,27727.00,72319.00,49673.00,7907.00,58414.00,1719.00,1613.00,32795.00,-,0.00,-,-,-,-,-,-,87695.00,63.18,55407.00,1947.00,4364.00,26484.00,284.45,5.17
Jordan Fitness,1,31/12/21,1,38,,Sport / Leisure,,0.00,0.00,0.00,,,,,,,,,,,,,,,,,,,,,,,#DIV/0!,,,,,0.00,0.00
Monkey Tennis Club,1,31/12/21,-,-,,Sport / Leisure,,0.00,0.00,0.00,,,,,,,,,,,,,,,,,,,,,,,#DIV/0!,,,,,0.00,#VALUE!
Total Fitness,1,31/12/21,15,600,16330261.00,Sport / Leisure,Full,2917155.00,1344795.00,6995425.00,2775227.00,44358.00,97570.00,0.00,1344795.00,0.00,3219247.00,1903671.00,228342.00,0.00,117798.00,48993.00,1477374.00,-,0.00,-,-,-,-,-,-,2689590.00,50.00,1344795.00,0.00,0.00,1477374.00,11257.38,18.76
Smart Sourcing,2,31/07/22,1,27,,Financial services; professional services,PPN,0.00,3314.00,4936.00,0.00,0.00,0.00,0.00,3314.00,0.00,0.00,0.00,563.00,0.00,26.00,0.00,4347.00,-,0.00,-,-,-,-,-,-,6628.00,50.00,3314.00,0.00,0.00,4347.00,8.25,0.31
Concept Products,1,31/12/21,-,-,317112.00,Textiles; clothing; leather; footwear,Full,33265.00,10207.00,316702.00,0.00,33265.00,0.00,0.00,10207.00,0.00,105072.00,0.00,867.00,0.00,289.00,33692.00,21322.00,,155460.00,,,,,,,10207.00,75.00,7655.00,0.00,1116.00,20205.00,360.17,#VALUE!
James Design,1,31/12/20,-,-,57708.00,Textiles; clothing; leather; footwear,Full,111.00,559.00,43880.00,0.00,111.00,0.00,0.00,559.00,0.00,38510.00,2540.00,0.00,630.00,50.00,0.00,2150.00,,0.00,,,,,,,1810.00,69.12,1251.00,0.00,0.00,2150.00,44.55,#VALUE!
Snag Group Ltd,1,31/07/22,3,108,20107813.00,Textiles; clothing; leather; footwear,Full,43887.00,-996.00,35970859.00,43125.00,762.00,0.00,0.00,-996.00,0.00,6331833.00,42371.00,5203.00,129916.00,4342.00,14105.00,85538.00,-,29357551.00,-,-,-,-,-,-,10386.00,109.60,11383.00,0.00,40815.00,44723.00,36013.75,333.46
Centurion Traffic,1,31/12/21,11,150,0.00,Transport (including civil aviation; railways; road transport),Full,1800616.00,20484.00,37876.00,0.00,1800616.00,0.00,0.00,20484.00,0.00,0.00,0.00,3474.00,0.00,3191.00,12972.00,18239.00,-,0.00,-,-,-,-,-,-,40967.00,50.00,20484.00,329.00,0.00,17910.00,1858.98,12.39
SLB Roads,1,31/12/21,1,-,,Transport (including civil aviation; railways; road transport),Full,0.00,0.00,343.00,,,,,,,58.00,,24.00,,,261.00,,,,,,,,,,0.00,#DIV/0!,0.00,0.00,221.00,0.00,0.34,#VALUE!
YDL,,,-,-,,Transport (including civil aviation; railways; road transport),,0.00,0.00,0.00,,,,,,,,,,,,,,,,,,,,,,,#DIV/0!,,,,,0.00,#VALUE!
Sea Kit,1,31/03/22,1,20,0.00,Transport equipment manufacturing,PPN,3885.00,0.00,542074.00,3885.00,0.00,0.00,0.00,0.00,0.00,0.00,0.00,1147.00,145554.00,705.00,45045.00,48283.00,-,301340.00,-,-,-,-,-,-,12177.00,100.00,12177.00,0.00,1073.00,47210.00,545.96,27.30
Sirona Medical,1,31/12/21,1,20,0.00,Financial services; professional services,PPN,53403.00,2760.00,59660.00,0.00,785.00,52618.00,0.00,2760.00,0.00,0.00,0.00,517.00,0.00,168.00,37119.00,21856.00,-,0.00,-,-,-,-,-,-,4601.00,39.99,1840.00,0.00,1192.00,20664.00,115.82,5.79
CY Resourcing,1,31/12/21,1,15,0.00,Financial services; professional services,PPN,0.00,3326.00,18152.00,0.00,0.00,0.00,0.00,3326.00,0.00,0.00,0.00,123.00,0.00,127.00,0.00,17902.00,-,0.00,-,-,-,-,-,-,5544.00,39.99,2217.00,0.00,0.00,17902.00,21.48,1.43
Adept Graphics,1,31/12/21,-,-,14210.00,Transport equipment manufacturing,Full,0.00,5435.00,102960.00,0.00,0.00,0.00,0.00,5435.00,0.00,23376.00,16245.00,-,30634.00,80.00,24530.00,3256.00,,4839.00,,,,,,,,,,,,,108.40,#VALUE!
PJ Rhodes,1,31/03/21,4,80,431866.00,Transport equipment manufacturing,Full,127541.00,7021.00,336329.00,73763.00,53778.00,0.00,0.00,7021.00,0.00,81328.00,175297.00,993.00,15968.00,31994.00,0.00,30749.00,-,0.00,-,-,-,-,-,-,11701.00,40.00,4680.00,0.00,0.00,30749.00,470.89,5.89
ActionAid,1,31/12/20,-,-,8291112.00,UNKNOWN,Full,556.00,55959.00,2675106.00,556.00,0.00,0.00,0.00,55959.00,0.00,2191135.00,116377.00,4751.00,18451.00,390.00,104281.00,68934.00,,170787.00,,,,,,,10225.00,32.00,3272.00,,,,2731.62,#VALUE!
Battersea Dogs & Cats Home,1,31/12/21,3,528,0.00,UNKNOWN,Scope 1 + 2 + water,485405.00,122146.00,67714.00,392913.00,38232.00,54260.00,0.00,122146.00,0.00,0.00,0.00,52138.00,0.00,15576.00,0.00,0.00,-,0.00,-,-,-,-,-,-,31355.00,40.00,12542.00,-,221518.00,28840.00,675.27,1.28
Colour Company,1,31/12/21,7,26,,UNKNOWN,,0.00,0.00,0.00,,,,,,,,,,,,,,,,,,,,,,,#DIV/0!,,,,,0.00,0.00
Inscape Interiors,1,31/12/2019,-,-,,UNKNOWN,,0.00,0.00,0.00,,,,,,,,,,,,,,,,,,,,,,,#DIV/0!,,,,,0.00,#VALUE!
Mime Reusables,,,-,-,,UNKNOWN,,0.00,0.00,0.00,,,,,,,,,,,,,,,,,,,,,,,#DIV/0!,,,,,0.00,#VALUE!
Peach,1,31/12/21,20,250,,UNKNOWN,,0.00,0.00,0.00,,,,,,,,,,,,,,,,,,,,,,,#DIV/0!,,,,,0.00,0.00
QOB Interiors,1,31/12/21,1,32,,UNKNOWN,,0.00,0.00,0.00,,,,,,,,,,,,,,,,,,,,,,,#DIV/0!,,,,,0.00,0.00
Rooftop Housing,,,-,-,,UNKNOWN,,0.00,0.00,0.00,,,,,,,,,,,,,,,,,,,,,,,#DIV/0!,,,,,0.00,#VALUE!
Scroll,1,31/12/21,0,6,53076.00,UNKNOWN,Full,0.00,0.00,16901.00,0.00,0.00,0.00,0.00,0.00,0.00,13350.00,0.00,340.00,0.00,0.00,0.00,3211.00,-,0.00,-,-,-,-,-,-,0.00,#DIV/0!,0.00,0.00,3211.00,0.00,16.90,2.82
Time to Change,1,31/12/21,-,-,45439.00,UNKNOWN,Full,12190.00,21273.00,28925.00,12190.00,0.00,0.00,0.00,20339.00,934.00,13287.00,4334.00,0.00,0.00,197.00,3618.00,7489.00,,0.00,,,,,,,23123.00,8.00,1850.00,0.00,0.00,7489.00,62.39,#VALUE!
VEO,1,31/12/19,-,-,70320.00,UNKNOWN,Full,0.00,0.00,24087.00,0.00,0.00,0.00,0.00,0.00,0.00,20665.00,0.00,0.00,0.00,0.00,0.00,3422.00,,0.00,,,,,,,0.00,#DIV/0!,0.00,0.00,785.00,2637.00,24.09,#VALUE!
VEO,2,31/12/20,-,-,67970.00,UNKNOWN,Full,0.00,0.00,24104.00,0.00,0.00,0.00,0.00,0.00,0.00,20682.00,0.00,0.00,0.00,0.00,0.00,3422.00,,0.00,,,,,,,0.00,#DIV/0!,0.00,0.00,785.00,2637.00,24.10,#VALUE!
VEO,3,31/12/21,-,-,260500.00,UNKNOWN,Full,0.00,0.00,89596.00,0.00,0.00,0.00,0.00,0.00,0.00,78086.00,0.00,0.00,0.00,0.00,0.00,11510.00,,0.00,,,,,,,0.00,#DIV/0!,0.00,0.00,1563.00,9947.00,89.60,#VALUE!
Gas Care,1,31/03/22,1,26,374447.00,Utilities (water; gas; electricity),Full,37767.00,553.00,121762.00,0.00,37767.00,0.00,0.00,553.00,0.00,0.00,866.00,117230.00,0.00,140.00,931.00,47.00,0.00,0.00,0.00,1910.00,638.00,0.00,0.00,0.00,553.00,80.47,445.00,0.00,866.00,1043.00,160.08,6.16
RS Response,1,31/12/21,1,110,8441759.00,Utilities (water; gas; electricity),Full,227184.00,21505.00,11807846.00,0.00,227184.00,0.00,0.00,21505.00,0.00,10607570.00,82293.00,50826.00,369766.00,1143.00,223332.00,472916.00,-,0.00,-,-,-,-,-,-,43011.00,50.00,21505.00,0.00,445552.00,27363.00,12056.54,109.60
Smartest Energy,,,-,-,,Utilities (water; gas; electricity),,0.00,0.00,0.00,,,,,,,,,,,,,,,,,,,,,,,#DIV/0!,,,,,0.00,#VALUE!
Aberdeen FC,1,,-,-,,,,,,,,,,,,,,,,,,,,,,,,,,,,,#DIV/0!,,,,,0.00,#VALUE!
ActionAid,2,,-,-,,,,,,,,,,,,,,,,,,,,,,,,,,,,,#DIV/0!,,,,,0.00,#VALUE!
Advertising Standards Authority,1,,-,-,,,,,,,,,,,,,,,,,,,,,,,,,,,,,#DIV/0!,,,,,0.00,#VALUE!
Advice Cloud,2,,-,-,,,,,,,,,,,,,,,,,,,,,,,,,,,,,#DIV/0!,,,,,0.00,#VALUE!
Alitex,1,,-,-,,,,,,,,,,,,,,,,,,,,,,,,,,,,,#DIV/0!,,,,,0.00,#VALUE!
Avignon Capital,1,,-,-,,,,,,,,,,,,,,,,,,,,,,,,,,,,,#DIV/0!,,,,,0.00,#VALUE!
Bally's Corporation,1,,-,-,,,,,,,,,,,,,,,,,,,,,,,,,,,,,,,,,,0.00,
Bartec Municipal,1,,-,-,,,,,,,,,,,,,,,,,,,,,,,,,,,,,,,,,,0.00,
Ruffer Edinburgh,1,31/12/21,1,4,,Financial services; professional services,PPN,0.00,0.00,3265.00,0.00,0.00,0.00,0.00,0.00,0.00,0.00,0.00,366.00,0.00,29.00,0.00,2870.00,0.00,0.00,0.00,0.00,0.00,0.00,0.00,0.00,837.00,100.00,837.00,0.00,2789.00,2870.00,3.27,0.82
BlueSky Renewal,2,,-,-,,,,,,,,,,,,,,,,,,,,,,,,,,,,,,,,,,0.00,
Quantium,1,30/06/21,0,3,2621312.00,Financial services; professional services,PPN,0.00,0.00,916.00,0.00,0.00,0.00,0.00,0.00,0.00,-,-,34.00,0.00,2.00,0.00,880.00,-,0.00,-,-,-,-,-,-,,#DIV/0!,,,,,0.92,0.31
Bollington,2,,-,-,,,,,,,,,,,,,,,,,,,,,,,,,,,,,,,,,,0.00,
Bowman Riley,1,,-,-,,,,,,,,,,,,,,,,,,,,,,,,,,,,,,,,,,0.00,
Brewdog,,,-,-,,,,,,,,,,,,,,,,,,,,,,,,,,,,,,,,,,0.00,
Bridge Dental Care,1,,-,-,,,,,,,,,,,,,,,,,,,,,,,,,,,,,,,,,,0.00,
Brokoli,1,,-,-,,,,,,,,,,,,,,,,,,,,,,,,,,,,,,,,,,0.00,
CERN,,,-,-,,,,,,,,,,,,,,,,,,,,,,,,,,,,,,,,,,0.00,
Chester Zoo,,,-,-,,,,,,,,,,,,,,,,,,,,,,,,,,,,,,,,,,0.00,
Ruffer Hong Kong,1,31/12/21,1,1,,Financial services; professional services,PPN,0.00,3596.00,1047.00,0.00,0.00,0.00,0.00,3596.00,0.00,0.00,0.00,376.00,0.00,0.00,0.00,671.00,0.00,0.00,0.00,0.00,0.00,0.00,0.00,0.00,3596.00,0.00,0.00,0.00,671.00,0.00,4.64,4.64
Zero 100,,,-,-,,,,0.00,0.00,0.00,,,,,,,,,,,,,,,,,,,,,,,#DIV/0!,,,,,0.00,#VALUE!